-- MySQL dump 10.16  Distrib 10.1.38-MariaDB, for debian-linux-gnueabihf (armv7l)
--
-- Host: localhost    Database: proyecto
-- ------------------------------------------------------
-- Server version	10.1.38-MariaDB-0+deb9u1

/*!40101 SET @OLD_CHARACTER_SET_CLIENT=@@CHARACTER_SET_CLIENT */;
/*!40101 SET @OLD_CHARACTER_SET_RESULTS=@@CHARACTER_SET_RESULTS */;
/*!40101 SET @OLD_COLLATION_CONNECTION=@@COLLATION_CONNECTION */;
/*!40101 SET NAMES utf8mb4 */;
/*!40103 SET @OLD_TIME_ZONE=@@TIME_ZONE */;
/*!40103 SET TIME_ZONE='+00:00' */;
/*!40014 SET @OLD_UNIQUE_CHECKS=@@UNIQUE_CHECKS, UNIQUE_CHECKS=0 */;
/*!40014 SET @OLD_FOREIGN_KEY_CHECKS=@@FOREIGN_KEY_CHECKS, FOREIGN_KEY_CHECKS=0 */;
/*!40101 SET @OLD_SQL_MODE=@@SQL_MODE, SQL_MODE='NO_AUTO_VALUE_ON_ZERO' */;
/*!40111 SET @OLD_SQL_NOTES=@@SQL_NOTES, SQL_NOTES=0 */;

--
-- Table structure for table `ENCUESTA`
--

DROP TABLE IF EXISTS `ENCUESTA`;
/*!40101 SET @saved_cs_client     = @@character_set_client */;
/*!40101 SET character_set_client = utf8 */;
CREATE TABLE `ENCUESTA` (
  `ID_ENCUESTA` bigint(20) NOT NULL AUTO_INCREMENT,
  `NOM_ENCUESTA` varchar(100) NOT NULL,
  `DESCRIPCION_ENCUESTA` varchar(100) NOT NULL,
  PRIMARY KEY (`ID_ENCUESTA`)
) ENGINE=InnoDB AUTO_INCREMENT=39 DEFAULT CHARSET=utf8mb4;
/*!40101 SET character_set_client = @saved_cs_client */;

--
-- Dumping data for table `ENCUESTA`
--

LOCK TABLES `ENCUESTA` WRITE;
/*!40000 ALTER TABLE `ENCUESTA` DISABLE KEYS */;
INSERT INTO `ENCUESTA` VALUES (33,'LENGUAJES DE PROGRAMACION','PREGUNTAS SOBRE PROGRACION Y ESPECIFICACIONES'),(34,'ANIMALES','PREGUNTAS DE TODO TIPO SOBRE ANIMALES'),(35,'BLOCKCHAIN','PREGUNTAS SOBRE CONOCIMIENTOS DE LA TECNOLOGIA BLOCKCHAIN'),(36,'informatica','preguntas de informatica'),(37,'test','test'),(38,'TESTFINAL1','TESTIFINAL1');
/*!40000 ALTER TABLE `ENCUESTA` ENABLE KEYS */;
UNLOCK TABLES;

--
-- Table structure for table `ENCUESTA_PREGUNTA`
--

DROP TABLE IF EXISTS `ENCUESTA_PREGUNTA`;
/*!40101 SET @saved_cs_client     = @@character_set_client */;
/*!40101 SET character_set_client = utf8 */;
CREATE TABLE `ENCUESTA_PREGUNTA` (
  `ID_ENCUESTA` bigint(20) DEFAULT NULL,
  `ID_PREGUNTA` bigint(20) DEFAULT NULL,
  KEY `ENCUESTA_PREGUNTA_FK` (`ID_ENCUESTA`),
  KEY `ENCUESTA_PREGUNTA_FK_1` (`ID_PREGUNTA`),
  CONSTRAINT `ENCUESTA_PREGUNTA_FK` FOREIGN KEY (`ID_ENCUESTA`) REFERENCES `ENCUESTA` (`ID_ENCUESTA`) ON DELETE CASCADE ON UPDATE CASCADE,
  CONSTRAINT `ENCUESTA_PREGUNTA_FK_1` FOREIGN KEY (`ID_PREGUNTA`) REFERENCES `PREGUNTA` (`ID_PREGUNTA`) ON DELETE CASCADE ON UPDATE CASCADE
) ENGINE=InnoDB DEFAULT CHARSET=utf8mb4;
/*!40101 SET character_set_client = @saved_cs_client */;

--
-- Dumping data for table `ENCUESTA_PREGUNTA`
--

LOCK TABLES `ENCUESTA_PREGUNTA` WRITE;
/*!40000 ALTER TABLE `ENCUESTA_PREGUNTA` DISABLE KEYS */;
INSERT INTO `ENCUESTA_PREGUNTA` VALUES (35,8),(35,32),(35,33),(35,36),(36,38),(36,37),(33,32),(33,38),(33,8),(33,34),(33,37),(37,37),(37,38),(37,39),(33,33),(38,38),(38,32),(38,8),(38,37);
/*!40000 ALTER TABLE `ENCUESTA_PREGUNTA` ENABLE KEYS */;
UNLOCK TABLES;

--
-- Table structure for table `PREGUNTA`
--

DROP TABLE IF EXISTS `PREGUNTA`;
/*!40101 SET @saved_cs_client     = @@character_set_client */;
/*!40101 SET character_set_client = utf8 */;
CREATE TABLE `PREGUNTA` (
  `ID_PREGUNTA` bigint(20) NOT NULL AUTO_INCREMENT,
  `PREGUNTA` varchar(100) NOT NULL,
  PRIMARY KEY (`ID_PREGUNTA`)
) ENGINE=InnoDB AUTO_INCREMENT=40 DEFAULT CHARSET=utf8mb4;
/*!40101 SET character_set_client = @saved_cs_client */;

--
-- Dumping data for table `PREGUNTA`
--

LOCK TABLES `PREGUNTA` WRITE;
/*!40000 ALTER TABLE `PREGUNTA` DISABLE KEYS */;
INSERT INTO `PREGUNTA` VALUES (8,'muchos'),(32,'Que criptomoneda vale mas ?'),(33,'que ha pasado ?'),(34,'hola?aaaa'),(35,'hola?aaaajairo'),(36,'FUNCIONO?'),(37,'Te gusta la informatica??'),(38,'Que sistema operativo usas?¿'),(39,'NUEVO CURSO??¿');
/*!40000 ALTER TABLE `PREGUNTA` ENABLE KEYS */;
UNLOCK TABLES;

--
-- Table structure for table `RESPUESTA`
--

DROP TABLE IF EXISTS `RESPUESTA`;
/*!40101 SET @saved_cs_client     = @@character_set_client */;
/*!40101 SET character_set_client = utf8 */;
CREATE TABLE `RESPUESTA` (
  `ID_RESPUESTA` bigint(20) NOT NULL AUTO_INCREMENT,
  `ID_PREGUNTA` bigint(20) NOT NULL,
  `RESPUESTA` varchar(100) NOT NULL,
  PRIMARY KEY (`ID_RESPUESTA`),
  KEY `RESPUESTA_FK` (`ID_PREGUNTA`),
  CONSTRAINT `RESPUESTA_FK` FOREIGN KEY (`ID_PREGUNTA`) REFERENCES `PREGUNTA` (`ID_PREGUNTA`) ON DELETE CASCADE ON UPDATE CASCADE
) ENGINE=InnoDB AUTO_INCREMENT=65 DEFAULT CHARSET=utf8mb4;
/*!40101 SET character_set_client = @saved_cs_client */;

--
-- Dumping data for table `RESPUESTA`
--

LOCK TABLES `RESPUESTA` WRITE;
/*!40000 ALTER TABLE `RESPUESTA` DISABLE KEYS */;
INSERT INTO `RESPUESTA` VALUES (19,8,'eieieiei'),(20,8,'irngringr'),(48,36,'si'),(49,33,'hola'),(50,36,'no'),(52,37,'Si'),(53,37,'No'),(54,38,'Mac'),(55,38,'Linux'),(56,38,'Windows'),(57,38,'UBUNTU'),(61,32,'btc'),(62,32,'ETH'),(63,32,'CNB'),(64,32,'LTC');
/*!40000 ALTER TABLE `RESPUESTA` ENABLE KEYS */;
UNLOCK TABLES;

--
-- Table structure for table `SESION`
--

DROP TABLE IF EXISTS `SESION`;
/*!40101 SET @saved_cs_client     = @@character_set_client */;
/*!40101 SET character_set_client = utf8 */;
CREATE TABLE `SESION` (
  `ID_SESION` bigint(20) NOT NULL AUTO_INCREMENT,
  `ID_USUARIO` bigint(20) NOT NULL,
  `ID_ENCUESTA` bigint(20) NOT NULL,
  `FECHA` datetime NOT NULL DEFAULT CURRENT_TIMESTAMP,
  PRIMARY KEY (`ID_SESION`),
  KEY `SESION_FK` (`ID_USUARIO`),
  KEY `SESION_FK_1` (`ID_ENCUESTA`),
  CONSTRAINT `SESION_FK` FOREIGN KEY (`ID_USUARIO`) REFERENCES `USUARIO` (`ID_USUARIO`) ON DELETE CASCADE ON UPDATE CASCADE,
  CONSTRAINT `SESION_FK_1` FOREIGN KEY (`ID_ENCUESTA`) REFERENCES `ENCUESTA` (`ID_ENCUESTA`) ON DELETE CASCADE ON UPDATE CASCADE
) ENGINE=InnoDB AUTO_INCREMENT=73 DEFAULT CHARSET=utf8mb4;
/*!40101 SET character_set_client = @saved_cs_client */;

--
-- Dumping data for table `SESION`
--

LOCK TABLES `SESION` WRITE;
/*!40000 ALTER TABLE `SESION` DISABLE KEYS */;
INSERT INTO `SESION` VALUES (61,12,35,'2020-01-17 17:12:49'),(62,12,36,'2020-01-17 17:31:15'),(63,12,36,'2020-01-17 17:31:17'),(64,12,36,'2020-01-17 17:31:21'),(65,12,36,'2020-01-17 17:31:22'),(67,12,35,'2020-01-20 16:54:08'),(68,12,36,'2020-01-20 17:29:54'),(69,12,36,'2020-01-20 17:44:48'),(70,12,36,'2020-01-20 17:50:55'),(71,12,36,'2020-01-20 17:58:41'),(72,11,38,'2020-01-20 19:48:16');
/*!40000 ALTER TABLE `SESION` ENABLE KEYS */;
UNLOCK TABLES;

--
-- Table structure for table `SESION_PREGUNTAS`
--

DROP TABLE IF EXISTS `SESION_PREGUNTAS`;
/*!40101 SET @saved_cs_client     = @@character_set_client */;
/*!40101 SET character_set_client = utf8 */;
CREATE TABLE `SESION_PREGUNTAS` (
  `ID_SESION` bigint(20) NOT NULL,
  `ID_PREGUNTA` bigint(20) NOT NULL,
  `ID_RESPUESTA` bigint(20) DEFAULT NULL,
  PRIMARY KEY (`ID_SESION`,`ID_PREGUNTA`),
  KEY `SESION_PREGUNTAS_FK` (`ID_SESION`),
  KEY `SESION_PREGUNTAS_FK_1` (`ID_PREGUNTA`),
  KEY `SESION_PREGUNTAS_FK_2` (`ID_RESPUESTA`),
  CONSTRAINT `SESION_PREGUNTAS_FK` FOREIGN KEY (`ID_SESION`) REFERENCES `SESION` (`ID_SESION`) ON DELETE CASCADE ON UPDATE CASCADE,
  CONSTRAINT `SESION_PREGUNTAS_FK_1` FOREIGN KEY (`ID_PREGUNTA`) REFERENCES `PREGUNTA` (`ID_PREGUNTA`) ON DELETE CASCADE ON UPDATE CASCADE,
  CONSTRAINT `SESION_PREGUNTAS_FK_2` FOREIGN KEY (`ID_RESPUESTA`) REFERENCES `RESPUESTA` (`ID_RESPUESTA`) ON DELETE CASCADE ON UPDATE CASCADE
) ENGINE=InnoDB DEFAULT CHARSET=utf8mb4;
/*!40101 SET character_set_client = @saved_cs_client */;

--
-- Dumping data for table `SESION_PREGUNTAS`
--

LOCK TABLES `SESION_PREGUNTAS` WRITE;
/*!40000 ALTER TABLE `SESION_PREGUNTAS` DISABLE KEYS */;
INSERT INTO `SESION_PREGUNTAS` VALUES (67,8,19),(72,8,20),(67,36,48),(67,33,49),(63,37,52),(64,37,52),(65,37,52),(68,37,52),(69,37,52),(70,37,52),(72,37,52),(62,37,53),(63,38,54),(64,38,54),(65,38,54),(68,38,54),(69,38,54),(70,38,54),(72,38,55),(62,38,56),(72,32,61);
/*!40000 ALTER TABLE `SESION_PREGUNTAS` ENABLE KEYS */;
UNLOCK TABLES;

--
-- Table structure for table `USUARIO`
--

DROP TABLE IF EXISTS `USUARIO`;
/*!40101 SET @saved_cs_client     = @@character_set_client */;
/*!40101 SET character_set_client = utf8 */;
CREATE TABLE `USUARIO` (
  `ID_USUARIO` bigint(20) NOT NULL AUTO_INCREMENT,
  `NOM_USUARIO` varchar(100) NOT NULL,
  `PASSWD` varchar(100) NOT NULL,
  `ADMIN` tinyint(1) NOT NULL,
  PRIMARY KEY (`ID_USUARIO`)
) ENGINE=InnoDB AUTO_INCREMENT=15 DEFAULT CHARSET=utf8mb4;
/*!40101 SET character_set_client = @saved_cs_client */;

--
-- Dumping data for table `USUARIO`
--

LOCK TABLES `USUARIO` WRITE;
/*!40000 ALTER TABLE `USUARIO` DISABLE KEYS */;
INSERT INTO `USUARIO` VALUES (2,'admin','admin',1),(9,'Sergio','Sergio',1),(10,'Angel','angel',1),(11,'Pepe','1234',0),(12,'usuario','usuario',0),(13,'SERGIO','SERGIO',0);
/*!40000 ALTER TABLE `USUARIO` ENABLE KEYS */;
UNLOCK TABLES;
/*!40103 SET TIME_ZONE=@OLD_TIME_ZONE */;

/*!40101 SET SQL_MODE=@OLD_SQL_MODE */;
/*!40014 SET FOREIGN_KEY_CHECKS=@OLD_FOREIGN_KEY_CHECKS */;
/*!40014 SET UNIQUE_CHECKS=@OLD_UNIQUE_CHECKS */;
/*!40101 SET CHARACTER_SET_CLIENT=@OLD_CHARACTER_SET_CLIENT */;
/*!40101 SET CHARACTER_SET_RESULTS=@OLD_CHARACTER_SET_RESULTS */;
/*!40101 SET COLLATION_CONNECTION=@OLD_COLLATION_CONNECTION */;
/*!40111 SET SQL_NOTES=@OLD_SQL_NOTES */;

-- Dump completed on 2020-01-20 19:53:13
